user_id,name,email,age,occupation,created_at
63fb54f9-4f97-42ba-8b41-94c6e257bcb9,Karan_0,user0@focusai.com,30,professional,2026-06-23T19:28:00.798867
7d9cf9d0-96e4-4b9b-963c-1c2cb17645d1,Karan_1,user1@focusai.com,34,student,2026-06-23T19:28:00.798867
2e3bfd3a-4c42-47dd-a759-5af38d23aab8,Dev_2,user2@focusai.com,19,student,2026-06-23T19:28:00.798867
510c5477-387f-4840-9945-e91e99dfdf14,Rohan_3,user3@focusai.com,17,professional,2026-06-23T19:28:00.798867
acc16d06-7334-4386-8c9c-bf1718978948,Meera_4,user4@focusai.com,17,student,2026-06-23T19:28:00.798867
4099350c-20db-439f-a999-5bc11bce4b0f,Aarav_5,user5@focusai.com,27,professional,2026-06-23T19:28:00.799380
230aed49-c718-48e4-b70f-274d48229458,Isha_6,user6@focusai.com,32,student,2026-06-23T19:28:00.799380
9dbbe0c7-b3b8-4a12-af33-73fa530f295f,Pooja_7,user7@focusai.com,31,student,2026-06-23T19:28:00.799380
446e9007-2283-4bea-b291-2cea6aae34af,Aditya_8,user8@focusai.com,34,student,2026-06-23T19:28:00.799380
3550bcee-d150-4fe2-b501-e877f2d94ea7,Divya_9,user9@focusai.com,18,professional,2026-06-23T19:28:00.799380
1f6e519d-a745-479d-9b54-835b4b566af6,Karan_10,user10@focusai.com,24,student,2026-06-23T19:28:00.799380
fa809e26-aed8-4798-ac0b-2cd6be75af3e,Sneha_11,user11@focusai.com,29,professional,2026-06-23T19:28:00.799380
17d8c22d-5fe1-4411-ba3a-0bf7843caeb3,Vikram_12,user12@focusai.com,17,professional,2026-06-23T19:28:00.799380
50ce76af-e948-443f-8093-fa755131cb18,Aditya_13,user13@focusai.com,22,professional,2026-06-23T19:28:00.799380
f0c98997-6429-4f9f-9651-05f18411cda1,Ananya_14,user14@focusai.com,30,student,2026-06-23T19:28:00.799380
6c13f71f-0c18-42f8-9187-d9d674925ecd,Siddharth_15,user15@focusai.com,19,student,2026-06-23T19:28:00.799380
c665b5d9-3c27-4d8d-97e9-9b9b25837d31,Sneha_16,user16@focusai.com,17,student,2026-06-23T19:28:00.799380
7938d1df-0325-43cf-a066-385b866bf025,Pooja_17,user17@focusai.com,19,student,2026-06-23T19:28:00.800396
8a25c315-31fa-4060-9fcf-26ecc3031fc8,Riya_18,user18@focusai.com,27,other,2026-06-23T19:28:00.800396
26108f1f-44dc-488a-b5fb-4083922123c0,Sneha_19,user19@focusai.com,29,professional,2026-06-23T19:28:00.800396
7fd0f1c7-5aac-453a-9cc3-42b4c5afc16e,Aditya_20,user20@focusai.com,23,student,2026-06-23T19:28:00.800396
dc0e7a35-b88c-4b55-ac3e-adeafa5388e2,Ananya_21,user21@focusai.com,31,professional,2026-06-23T19:28:00.800396
115db7fa-0771-4f61-8216-ca48b06bd95e,Aditya_22,user22@focusai.com,28,student,2026-06-23T19:28:00.800396
7f2b61f6-06ce-46f8-a6d0-5bdf57116b47,Aditya_23,user23@focusai.com,28,student,2026-06-23T19:28:00.800396
017c25ad-a05b-4c21-969a-66e2d7e1677e,Karan_24,user24@focusai.com,24,professional,2026-06-23T19:28:00.800396
29149d38-d8de-41d6-942b-1f861c89f26b,Isha_25,user25@focusai.com,23,student,2026-06-23T19:28:00.800396
fd7a0db2-c00d-4921-a567-4af19703e27a,Dev_26,user26@focusai.com,34,professional,2026-06-23T19:28:00.800396
6f991edb-261d-4707-b0fa-2c82e2a3edce,Rohan_27,user27@focusai.com,18,professional,2026-06-23T19:28:00.800396
fdd5222b-b59d-469a-8e88-9b8338e51602,Arjun_28,user28@focusai.com,25,student,2026-06-23T19:28:00.800396
4f434dc9-3468-49ca-a43e-93b0d38b8d8d,Vikram_29,user29@focusai.com,22,professional,2026-06-23T19:28:00.801393
b47c7183-3422-403c-a165-a71f6ba3ebb1,Isha_30,user30@focusai.com,17,student,2026-06-23T19:28:00.801393
c6bcb551-3f2d-4dba-a5df-2d2dd4368b92,Arjun_31,user31@focusai.com,18,student,2026-06-23T19:28:00.801393
b38fae22-c141-4bef-87b7-ef1099171d79,Rohan_32,user32@focusai.com,16,student,2026-06-23T19:28:00.801393
08472e23-88d0-47cc-bd42-07805bf06353,Aditya_33,user33@focusai.com,29,professional,2026-06-23T19:28:00.801393
0ee0436d-e844-435b-ba33-7c722fa0a575,Arjun_34,user34@focusai.com,29,student,2026-06-23T19:28:00.801393
81403193-9c9c-497e-845d-ad18486027ad,Vikram_35,user35@focusai.com,30,student,2026-06-23T19:28:00.801393
c22209a6-e4fa-4ab9-a0e6-699fa98fd377,Pooja_36,user36@focusai.com,28,student,2026-06-23T19:28:00.801393
88851df6-ade5-40a6-ac8f-80867025d4b5,Karan_37,user37@focusai.com,32,student,2026-06-23T19:28:00.801393
e1601ef2-391a-4a36-9fd5-1a5ca6392b30,Sneha_38,user38@focusai.com,20,student,2026-06-23T19:28:00.801393
8abb2c5b-70dd-4cf7-8736-9a672548b00d,Rahul_39,user39@focusai.com,30,professional,2026-06-23T19:28:00.801393
8ab523f7-4bce-4157-b404-ae6b3cba0355,Sneha_40,user40@focusai.com,28,student,2026-06-23T19:28:00.801393
dd036825-63c4-4d5a-b650-f79a10192131,Akash_41,user41@focusai.com,17,professional,2026-06-23T19:28:00.801393
1011d247-d21b-4fe5-9afc-21a5612963ef,Meera_42,user42@focusai.com,27,student,2026-06-23T19:28:00.801393
3d2ef146-5059-4e59-98b7-f7c12f7adcd6,Dev_43,user43@focusai.com,22,other,2026-06-23T19:28:00.801393
c780e46a-7ee0-48f8-9715-da3d052cbff5,Aarav_44,user44@focusai.com,28,professional,2026-06-23T19:28:00.801393
8052627f-4434-4855-86dd-dbac2c470a98,Karan_45,user45@focusai.com,21,student,2026-06-23T19:28:00.802391
a28a5d48-039f-41ae-a08c-0b7e83e4336c,Vikram_46,user46@focusai.com,20,professional,2026-06-23T19:28:00.802391
4bcfb566-ec3b-4602-acd0-9bbca0e58c70,Pooja_47,user47@focusai.com,27,student,2026-06-23T19:28:00.802391
94321a87-971e-4818-826b-41b192c1e504,Vikram_48,user48@focusai.com,32,student,2026-06-23T19:28:00.802391
2e3b0cdc-7c27-499a-8f6e-d9d8a2879609,Divya_49,user49@focusai.com,27,student,2026-06-23T19:28:00.802391
e2ac7ca8-c627-49bc-910c-1dac05884bb6,Priya_50,user50@focusai.com,18,student,2026-06-23T19:28:00.802391
2318ab67-645e-46ad-8483-7418c761e99e,Siddharth_51,user51@focusai.com,32,student,2026-06-23T19:28:00.802391
dd8b1b38-c0e9-487e-b0f4-e99712ee377a,Priya_52,user52@focusai.com,17,student,2026-06-23T19:28:00.802391
21c75caf-0310-475b-a9ab-30e0db7c25a4,Arjun_53,user53@focusai.com,16,professional,2026-06-23T19:28:00.802391
a811ee7d-419a-4e8e-beca-98cfc34b3160,Priya_54,user54@focusai.com,27,student,2026-06-23T19:28:00.802391
1a19ce29-c1a1-4c19-9667-7eb9edf7d8fc,Meera_55,user55@focusai.com,19,student,2026-06-23T19:28:00.802391
790159e0-8cd9-488f-bb9a-2c6e2320ce7b,Siddharth_56,user56@focusai.com,21,student,2026-06-23T19:28:00.802391
bb2f464f-3605-4dba-bbf0-61e63100ccaa,Divya_57,user57@focusai.com,17,professional,2026-06-23T19:28:00.802391
cfc34199-c9cc-41a7-bbf5-0e275e8d0a65,Dev_58,user58@focusai.com,31,professional,2026-06-23T19:28:00.802391
54976523-8ab4-4b67-a93e-42236ccb9bfc,Vikram_59,user59@focusai.com,21,professional,2026-06-23T19:28:00.802391
a9b5056d-a3a2-43e6-a96f-f2b9f416aaf4,Rohan_60,user60@focusai.com,19,student,2026-06-23T19:28:00.802391
46323418-eb8e-4f4e-b228-745cbf9ea504,Rohan_61,user61@focusai.com,34,student,2026-06-23T19:28:00.802391
f4d6919f-c6e0-4d60-a242-931ca91f5167,Karan_62,user62@focusai.com,24,professional,2026-06-23T19:28:00.803391
f7bbd4ff-ffde-4908-920f-93b5e8b906e8,Karan_63,user63@focusai.com,33,professional,2026-06-23T19:28:00.803391
3d6d7349-543d-4af1-ba81-11048336a373,Dev_64,user64@focusai.com,33,other,2026-06-23T19:28:00.803391
548b7aaa-449d-4788-945e-dd4798ab90dc,Pooja_65,user65@focusai.com,18,student,2026-06-23T19:28:00.803391
d970c960-9345-4224-81cd-1eeef5757b9f,Kavya_66,user66@focusai.com,31,student,2026-06-23T19:28:00.803391
feabb2c4-d7e1-45ee-9a67-f676be764da7,Siddharth_67,user67@focusai.com,17,other,2026-06-23T19:28:00.803391
12785415-deda-4d6a-bceb-92df130eace9,Isha_68,user68@focusai.com,20,other,2026-06-23T19:28:00.803391
0ecf5f53-27d6-4b1e-a2bb-5bc4a6f72d55,Vikram_69,user69@focusai.com,24,student,2026-06-23T19:28:00.803391
77155f88-5964-46f6-86d6-788eeb2d81b3,Kavya_70,user70@focusai.com,31,professional,2026-06-23T19:28:00.803391
282cb03a-573d-4b71-aa4c-0889ef19f0f6,Aarav_71,user71@focusai.com,26,other,2026-06-23T19:28:00.803391
5bca9e1e-f268-4d44-a347-e65ff618b99d,Sneha_72,user72@focusai.com,21,professional,2026-06-23T19:28:00.803391
8ea89249-2366-4908-887c-eb5204c4de9d,Rohan_73,user73@focusai.com,31,student,2026-06-23T19:28:00.803391
8ccd4582-73d4-4820-a6b5-717701728f0e,Rohan_74,user74@focusai.com,33,student,2026-06-23T19:28:00.804392
c4398f1a-0b7b-4cf6-a1e7-e256ce28a0e8,Riya_75,user75@focusai.com,17,professional,2026-06-23T19:28:00.804392
6ba214a1-a9cd-44d6-8878-2f4c4aaac512,Kavya_76,user76@focusai.com,24,student,2026-06-23T19:28:00.804392
055c84a5-835a-451c-8718-79c270735785,Sneha_77,user77@focusai.com,16,student,2026-06-23T19:28:00.804392
905a180e-9533-46cf-b608-8a3583fbbdf2,Kavya_78,user78@focusai.com,23,professional,2026-06-23T19:28:00.804392
11c5b311-d4ba-45b7-8308-c4ed0c3ec178,Siddharth_79,user79@focusai.com,16,student,2026-06-23T19:28:00.804392
26030027-9210-462b-bd48-4a5ec63b2907,Akash_80,user80@focusai.com,29,student,2026-06-23T19:28:00.804392
e74b0549-1e07-4755-a63c-064b0015c53e,Meera_81,user81@focusai.com,28,student,2026-06-23T19:28:00.804392
5a47b39c-3cd4-42d0-a477-e832038b7be5,Ananya_82,user82@focusai.com,17,student,2026-06-23T19:28:00.804392
1b0de57c-de5b-4a69-b4fb-a67287b78554,Aarav_83,user83@focusai.com,30,student,2026-06-23T19:28:00.804392
d2b9f458-a536-4cdb-9baa-a7e00ab34cc6,Arjun_84,user84@focusai.com,31,student,2026-06-23T19:28:00.804392
0027252d-48e8-4b28-b828-04ddb4a2c3a6,Rohan_85,user85@focusai.com,32,student,2026-06-23T19:28:00.804392
4d512659-3928-49ae-884b-c34237333742,Isha_86,user86@focusai.com,29,other,2026-06-23T19:28:00.804392
f4350dd5-1c46-4637-8594-97912c92425f,Rohan_87,user87@focusai.com,24,other,2026-06-23T19:28:00.804392
e8554a1b-d2ab-4346-89a0-0b56047931dc,Siddharth_88,user88@focusai.com,29,other,2026-06-23T19:28:00.805391
46d9ac4a-6fb0-4255-b516-dc5245bbc67a,Rohan_89,user89@focusai.com,16,student,2026-06-23T19:28:00.805391
ccf14aa1-dc0b-4f2a-864a-55947bbeef82,Aarav_90,user90@focusai.com,18,student,2026-06-23T19:28:00.805391
7b63dcbb-022a-4397-b5c9-abd0bddd2868,Pooja_91,user91@focusai.com,18,student,2026-06-23T19:28:00.805391
8587390d-471a-43d2-a38a-3d8d7dcc958f,Riya_92,user92@focusai.com,30,other,2026-06-23T19:28:00.805391
5e1f9c79-c437-44d9-b568-2429f0495f92,Priya_93,user93@focusai.com,25,professional,2026-06-23T19:28:00.805391
ca39c0d5-56dc-4215-8a3e-638b7139d8bf,Siddharth_94,user94@focusai.com,23,professional,2026-06-23T19:28:00.805391
d14b29dd-69bc-4f37-af0f-54df25ae4c68,Dev_95,user95@focusai.com,31,student,2026-06-23T19:28:00.805391
d6f7ce7e-c444-4869-b79b-f9b8b6f6bccf,Pooja_96,user96@focusai.com,18,student,2026-06-23T19:28:00.805391
5474c66c-91bb-4a87-b2b5-9b1cd8d8e757,Rahul_97,user97@focusai.com,22,student,2026-06-23T19:28:00.805391
d6977ca8-feb4-4543-b826-1278699aa233,Rahul_98,user98@focusai.com,16,student,2026-06-23T19:28:00.805391
c08154d4-c1a2-496c-af1f-9eefc0aeaa14,Nisha_99,user99@focusai.com,31,student,2026-06-23T19:28:00.805391
28090bee-647d-4842-b207-0f5581526755,Akash_100,user100@focusai.com,30,student,2026-06-23T19:28:00.805391
87a12e70-71c1-4100-b120-2048c73f65c9,Priya_101,user101@focusai.com,34,student,2026-06-23T19:28:00.805391
2bd3adab-ed8f-4065-a458-39a89868c9c0,Siddharth_102,user102@focusai.com,25,professional,2026-06-23T19:28:00.805391
358fa5cf-8453-4283-981c-e0a38ae910b2,Dev_103,user103@focusai.com,20,student,2026-06-23T19:28:00.805391
89962d79-dc18-4deb-b244-d0611804c7dc,Isha_104,user104@focusai.com,27,professional,2026-06-23T19:28:00.805391
8cf78cb0-cc6f-4ba6-8695-561cd1956685,Sneha_105,user105@focusai.com,21,student,2026-06-23T19:28:00.805391
8b8e3d23-52ea-45a2-a5a7-2e81d1594179,Divya_106,user106@focusai.com,30,professional,2026-06-23T19:28:00.806391
c4cf79d2-76e0-47b3-befe-9605222918a3,Ananya_107,user107@focusai.com,31,other,2026-06-23T19:28:00.806391
b6117171-6006-4529-b510-128d6691cc6c,Pooja_108,user108@focusai.com,34,professional,2026-06-23T19:28:00.806391
cad4fa28-e931-4f53-8a95-029f9746865b,Akash_109,user109@focusai.com,20,student,2026-06-23T19:28:00.806391
f2e0f3a0-6e6d-45bc-b336-8488ff6b67fc,Vikram_110,user110@focusai.com,27,student,2026-06-23T19:28:00.806391
03ca1015-5e55-4a18-a791-29b04daba933,Aarav_111,user111@focusai.com,30,student,2026-06-23T19:28:00.806391
67edbc6a-df99-4b9f-a5bd-2ae655280644,Kavya_112,user112@focusai.com,23,other,2026-06-23T19:28:00.806391
17a3549e-ea59-4fe5-9f62-92e428d9bd20,Aarav_113,user113@focusai.com,31,student,2026-06-23T19:28:00.806391
215f91f3-2942-48e2-82fa-f5fff0e48e2b,Arjun_114,user114@focusai.com,18,student,2026-06-23T19:28:00.806391
b1dff3b6-e4fc-48ff-8a07-c8188252cacf,Kavya_115,user115@focusai.com,34,professional,2026-06-23T19:28:00.806391
6a944d55-89a9-41d9-968b-9d2a71b0c58f,Nisha_116,user116@focusai.com,20,student,2026-06-23T19:28:00.806391
4112d3f2-6f9b-4387-a678-65cf9b63901b,Nisha_117,user117@focusai.com,20,student,2026-06-23T19:28:00.806391
5ba55193-75aa-478d-aef0-a390e00ebc90,Kavya_118,user118@focusai.com,22,student,2026-06-23T19:28:00.806391
7d99a498-a3e7-4160-b8e0-26c8cc4bb457,Arjun_119,user119@focusai.com,25,other,2026-06-23T19:28:00.806391
e2b0a870-50a3-4bd2-bec3-3f3cacec85e5,Sneha_120,user120@focusai.com,17,student,2026-06-23T19:28:00.806391
49ba4c2c-dd76-48bc-940e-5d2aa14b6558,Pooja_121,user121@focusai.com,34,student,2026-06-23T19:28:00.806391
7ca3b53c-5389-4674-a336-b2c25ece8d9a,Aarav_122,user122@focusai.com,20,professional,2026-06-23T19:28:00.806391
905b29e4-fde1-4aa0-bb5c-7ac10619a8f3,Kavya_123,user123@focusai.com,31,professional,2026-06-23T19:28:00.806391
f1d0a7a4-63ec-41c0-94c0-23a89811ba1d,Siddharth_124,user124@focusai.com,27,student,2026-06-23T19:28:00.807391
618000f6-8ee8-4915-aceb-9db444c0cf8b,Aarav_125,user125@focusai.com,16,professional,2026-06-23T19:28:00.807391
d773f8a5-e1a7-4f08-b1e8-5e0eefb96cc6,Dev_126,user126@focusai.com,20,professional,2026-06-23T19:28:00.807391
c6e39356-1392-4689-8465-c7ba98a07c9b,Aarav_127,user127@focusai.com,16,professional,2026-06-23T19:28:00.807391
e7d62010-e498-43cf-9abc-8e989ea7a24c,Dev_128,user128@focusai.com,27,student,2026-06-23T19:28:00.807391
639552bc-b154-49eb-b2a9-4195df65ff16,Isha_129,user129@focusai.com,29,student,2026-06-23T19:28:00.807391
6ff8647f-c6fa-4c34-9a2b-ee3968ab9f7a,Akash_130,user130@focusai.com,33,professional,2026-06-23T19:28:00.807391
4f955cbe-0e12-46c8-a9a7-ac797d88d241,Siddharth_131,user131@focusai.com,23,student,2026-06-23T19:28:00.807391
1c4094ea-562a-4ffa-a642-e5a8abc10333,Pooja_132,user132@focusai.com,17,student,2026-06-23T19:28:00.807391
00f49492-a007-4c65-b90c-166f95417203,Karan_133,user133@focusai.com,19,professional,2026-06-23T19:28:00.807391
299ec6ad-c011-40f4-bae5-4bbc274039e6,Riya_134,user134@focusai.com,28,other,2026-06-23T19:28:00.807391
ba4bd1ca-0ca9-4fe4-b2bc-400022895453,Sneha_135,user135@focusai.com,19,student,2026-06-23T19:28:00.807391
ea89fc5c-e1cb-4da5-9831-b9ea30f4fe12,Vikram_136,user136@focusai.com,18,other,2026-06-23T19:28:00.807391
07b2d240-2348-4e78-8c1b-d960bf00c35f,Kavya_137,user137@focusai.com,19,student,2026-06-23T19:28:00.807391
b65086d4-9565-420e-b33c-743b170f4840,Karan_138,user138@focusai.com,20,student,2026-06-23T19:28:00.807391
9861bccf-1ec9-4b7a-8c81-b57413724eef,Rahul_139,user139@focusai.com,18,student,2026-06-23T19:28:00.807391
25bf3439-7511-4eb1-9f42-b5ad8669c667,Siddharth_140,user140@focusai.com,32,student,2026-06-23T19:28:00.807391
76bb1e87-8aa0-4320-a3a7-c86fb5376ea2,Kavya_141,user141@focusai.com,28,professional,2026-06-23T19:28:00.807391
dae24f7b-5eb7-4265-940a-5966f44a52cd,Siddharth_142,user142@focusai.com,19,student,2026-06-23T19:28:00.808391
6df0ea7d-1536-4b52-8eef-1f9b8ccb954a,Vikram_143,user143@focusai.com,34,student,2026-06-23T19:28:00.808391
77ebd019-df36-4a93-b800-72d3368935be,Karan_144,user144@focusai.com,29,professional,2026-06-23T19:28:00.808391
75bcacf5-a970-416f-b579-c8c3e526af5a,Divya_145,user145@focusai.com,34,student,2026-06-23T19:28:00.808391
224183e8-33de-463d-8b76-dd53d3a26432,Kavya_146,user146@focusai.com,20,student,2026-06-23T19:28:00.808391
b58d676a-b51f-44ea-9076-775e513ce4a3,Divya_147,user147@focusai.com,19,other,2026-06-23T19:28:00.808391
7c11c37e-a120-48ed-9944-ce4901405ff9,Kavya_148,user148@focusai.com,22,student,2026-06-23T19:28:00.808391
3934aa75-4705-4f9b-9b0f-f204410e81c3,Pooja_149,user149@focusai.com,22,other,2026-06-23T19:28:00.808391
5ca0cc99-a73d-40d0-ad89-5c43cfc494f8,Arjun_150,user150@focusai.com,18,professional,2026-06-23T19:28:00.808391
2e13dbdb-f915-4a85-abb4-b64029e71189,Dev_151,user151@focusai.com,26,student,2026-06-23T19:28:00.808391
d3c9ddfe-cd49-4022-8aec-9cb3980dbffd,Isha_152,user152@focusai.com,24,professional,2026-06-23T19:28:00.808391
5b224cc0-3920-44cc-a623-eb38b302449a,Isha_153,user153@focusai.com,32,student,2026-06-23T19:28:00.809390
507e83c2-5a35-4602-905f-50ffa8021af6,Karan_154,user154@focusai.com,29,professional,2026-06-23T19:28:00.809390
93e51c57-fc3e-4360-b2c0-78a647f97e21,Pooja_155,user155@focusai.com,24,professional,2026-06-23T19:28:00.809390
2a9a6f95-de8a-49f0-af62-acff406f9020,Priya_156,user156@focusai.com,20,student,2026-06-23T19:28:00.809390
dd378aa2-cd55-40b4-9b5b-d64deddabaa3,Meera_157,user157@focusai.com,34,student,2026-06-23T19:28:00.809390
2838198f-fc12-4cd3-9128-8dd2e34b5e60,Rahul_158,user158@focusai.com,16,professional,2026-06-23T19:28:00.809390
3a7480ad-b74e-4edb-b427-825a60a8958c,Siddharth_159,user159@focusai.com,22,other,2026-06-23T19:28:00.809390
1b66b492-a2b1-460c-a615-415c17f4914c,Sneha_160,user160@focusai.com,19,student,2026-06-23T19:28:00.809390
be7eb355-6edd-465f-8a28-f8ea34e45b07,Akash_161,user161@focusai.com,27,student,2026-06-23T19:28:00.809390
79596ba7-dc5f-4319-b087-8e95a28f5541,Pooja_162,user162@focusai.com,34,student,2026-06-23T19:28:00.809390
1b3daa0c-3dc9-42a5-9089-2904ab5af2ba,Rohan_163,user163@focusai.com,28,student,2026-06-23T19:28:00.809390
fd624cb4-da9a-4286-a401-aaea52119cd2,Divya_164,user164@focusai.com,23,student,2026-06-23T19:28:00.809390
556a710a-b898-4df7-9044-a19d58faec28,Vikram_165,user165@focusai.com,22,professional,2026-06-23T19:28:00.809390
e48afe38-416e-49fb-83cd-2e610b77cc0a,Rahul_166,user166@focusai.com,32,student,2026-06-23T19:28:00.809390
710f7d46-89b3-40ff-a3d8-8abf741a1a78,Aarav_167,user167@focusai.com,21,student,2026-06-23T19:28:00.809390
c933b463-2447-4439-9c12-03ee70ba0205,Isha_168,user168@focusai.com,28,other,2026-06-23T19:28:00.809390
980431eb-dad4-4816-b8b6-0edc50a5dae9,Aditya_169,user169@focusai.com,31,student,2026-06-23T19:28:00.809390
80d96cf5-a179-4d98-bae5-02ec6a8cad6b,Dev_170,user170@focusai.com,20,student,2026-06-23T19:28:00.810391
44394323-7e8c-425f-9539-28bd72874797,Akash_171,user171@focusai.com,33,student,2026-06-23T19:28:00.810391
ba0e08b3-94e8-4400-af9b-cea77b82e2e2,Siddharth_172,user172@focusai.com,29,student,2026-06-23T19:28:00.810391
689e2c70-bb88-4e07-95ca-78e6f621935d,Aarav_173,user173@focusai.com,18,other,2026-06-23T19:28:00.810391
8bf099b6-20f5-44d0-adba-8894df3f153d,Dev_174,user174@focusai.com,27,other,2026-06-23T19:28:00.810391
9d2fdc29-92b9-4047-a050-fd7c33b6bef1,Kavya_175,user175@focusai.com,23,student,2026-06-23T19:28:00.810391
245b7958-6630-49ea-8d89-46fae1a29852,Ananya_176,user176@focusai.com,19,student,2026-06-23T19:28:00.810391
0769d16e-2e3b-47a0-b5f5-54e815793ae9,Riya_177,user177@focusai.com,20,other,2026-06-23T19:28:00.810391
ed0e3615-f941-4ecb-82b6-40923a396d83,Siddharth_178,user178@focusai.com,24,student,2026-06-23T19:28:00.810391
12c0f737-22bf-4d85-96df-6a36bcccdecf,Divya_179,user179@focusai.com,28,professional,2026-06-23T19:28:00.810391
c8cb3b1e-eed6-436c-a1ab-5089c981e30a,Rahul_180,user180@focusai.com,29,student,2026-06-23T19:28:00.811391
86344b5e-7bd3-420d-b61b-9d5b7c523e0d,Meera_181,user181@focusai.com,33,student,2026-06-23T19:28:00.811391
93c51f67-dc47-45ff-845a-8de4444ffc83,Arjun_182,user182@focusai.com,30,other,2026-06-23T19:28:00.811391
25afbd8f-1830-487c-8835-267f16769a63,Pooja_183,user183@focusai.com,33,student,2026-06-23T19:28:00.811391
c3fe7e21-f1a9-4c43-b108-16b6ee745b55,Arjun_184,user184@focusai.com,16,professional,2026-06-23T19:28:00.811391
11e3622e-9cb1-41f7-9460-fa641542fefc,Riya_185,user185@focusai.com,30,student,2026-06-23T19:28:00.811391
7910e5e1-3b81-48c8-835c-9a954ab9c3e0,Siddharth_186,user186@focusai.com,28,student,2026-06-23T19:28:00.811391
ef79dfd4-3b8f-4482-ab9c-5a3116668faf,Vikram_187,user187@focusai.com,18,student,2026-06-23T19:28:00.811391
22c40e1d-0443-4b16-9671-a1b1764b37c7,Kavya_188,user188@focusai.com,21,professional,2026-06-23T19:28:00.811391
a0e08c79-7135-40f1-b2ed-4f37033d0df5,Arjun_189,user189@focusai.com,20,other,2026-06-23T19:28:00.811391
79d816ec-dab0-4b56-aca0-1d1d776071d1,Arjun_190,user190@focusai.com,20,professional,2026-06-23T19:28:00.811391
67cdd81f-25c5-458c-87f1-eeeff04133d3,Akash_191,user191@focusai.com,32,student,2026-06-23T19:28:00.811391
91481a13-428e-45d0-a131-a30e3c8b8341,Vikram_192,user192@focusai.com,29,student,2026-06-23T19:28:00.811391
a9304ff7-70d5-4017-911a-1563a4cee56c,Rahul_193,user193@focusai.com,28,student,2026-06-23T19:28:00.811391
1aee4ab6-2e04-4ac4-95de-922c59559e70,Aarav_194,user194@focusai.com,32,professional,2026-06-23T19:28:00.811391
03fc4208-19ab-4885-a045-6c80575000a7,Priya_195,user195@focusai.com,23,student,2026-06-23T19:28:00.811391
fcb52fb7-f196-4daa-8260-d796b3d9b782,Priya_196,user196@focusai.com,18,student,2026-06-23T19:28:00.811391
633426c2-b65c-4efa-81ff-a26a229ddf8c,Isha_197,user197@focusai.com,16,student,2026-06-23T19:28:00.811391
44ce50ab-2453-4dd2-a793-092290e51f9c,Arjun_198,user198@focusai.com,32,student,2026-06-23T19:28:00.812391
ff737215-c959-45ae-982a-3b87e081793b,Aditya_199,user199@focusai.com,30,professional,2026-06-23T19:28:00.812391
